{"complete_duration": 2.8180091381073, "update_duration": 2.8146519660949707}