{"complete_duration": 2.912738084793091, "update_duration": 2.9017481803894043}