{"complete_duration": 3.026817798614502, "update_duration": 3.0058376789093018}