{"complete_duration": 7.325160264968872, "update_duration": 7.3041839599609375}